{"cameraMode":{"drawMode":0,"name":"Shaded","section":"Shading Mode"},"sceneLighting":true,"audioPlay":false,"sceneViewState":{"m_AlwaysRefresh":false,"showFog":true,"showSkybox":true,"showFlares":true,"showImageEffects":true,"showParticleSystems":true,"showVisualEffectGraphs":true,"m_FxEnabled":true},"in2DMode":false,"pivot":{"x":14.842117309570313,"y":17.608909606933595,"z":-2.631561279296875},"rotation":{"x":0.03490768373012543,"y":0.8999266624450684,"z":-0.4284155070781708,"w":0.07332630455493927},"size":62.086753845214847,"orthographic":false}