{"cameraMode":{"drawMode":0,"name":"Shaded","section":"Shading Mode"},"sceneLighting":true,"audioPlay":false,"sceneViewState":{"showFog":true,"showMaterialUpdate":false,"showSkybox":true,"showFlares":true,"showImageEffects":true,"showParticleSystems":true},"in2DMode":false,"pivot":{"x":-9.397394180297852,"y":-0.3048210144042969,"z":-7.3712592124938969},"rotation":{"x":-0.2890627980232239,"y":-0.7088442444801331,"z":0.42144179344177248,"w":-0.48620128631591799},"size":26.202253341674806,"orthographic":false}