{"cameraMode":{"drawMode":0,"name":"Shaded","section":"Shading Mode"},"sceneLighting":true,"audioPlay":false,"sceneViewState":{"showFog":true,"showMaterialUpdate":false,"showSkybox":true,"showFlares":true,"showImageEffects":true,"showParticleSystems":true},"in2DMode":false,"pivot":{"x":-9.819059371948243,"y":-17.000408172607423,"z":77.18717956542969},"rotation":{"x":0.27626049518585207,"y":-0.12355494499206543,"z":0.035837478935718539,"w":0.952436089515686},"size":45.27454376220703,"orthographic":false}