{"cameraMode":{"drawMode":0,"name":"Shaded","section":"Shading Mode"},"sceneLighting":true,"audioPlay":false,"sceneViewState":{"showFog":true,"showMaterialUpdate":false,"showSkybox":true,"showFlares":true,"showImageEffects":true,"showParticleSystems":true},"in2DMode":false,"pivot":{"x":57.913543701171878,"y":-31.736587524414064,"z":22.426334381103517},"rotation":{"x":0.21334387362003327,"y":0.4082738161087036,"z":-0.09874828159809113,"w":0.8820703029632568},"size":102.44220733642578,"orthographic":false}