{"cameraMode":{"drawMode":0,"name":"Shaded","section":"Shading Mode"},"sceneLighting":true,"audioPlay":false,"sceneViewState":{"showFog":true,"showMaterialUpdate":false,"showSkybox":true,"showFlares":true,"showImageEffects":true,"showParticleSystems":true},"in2DMode":false,"pivot":{"x":7.886898040771484,"y":-57.34564208984375,"z":38.58598327636719},"rotation":{"x":0.49239614605903628,"y":-0.06256481260061264,"z":0.03551584482192993,"w":0.8673954010009766},"size":103.80022430419922,"orthographic":false}