{"cameraMode":{"drawMode":0,"name":"Shaded","section":"Shading Mode"},"sceneLighting":true,"audioPlay":false,"sceneViewState":{"showFog":true,"showMaterialUpdate":false,"showSkybox":true,"showFlares":true,"showImageEffects":true,"showParticleSystems":true},"in2DMode":false,"pivot":{"x":-21.69011878967285,"y":9.36941909790039,"z":5.824151992797852},"rotation":{"x":-0.5361112952232361,"y":0.0005309371626935899,"z":-0.000279421015875414,"w":-0.8441727161407471},"size":39.81710433959961,"orthographic":false}