{"cameraMode":{"drawMode":0,"name":"Shaded","section":"Shading Mode"},"sceneLighting":true,"audioPlay":false,"sceneViewState":{"showFog":true,"showMaterialUpdate":false,"showSkybox":true,"showFlares":true,"showImageEffects":true,"showParticleSystems":true},"in2DMode":false,"pivot":{"x":-1.3139891624450684,"y":4.705074787139893,"z":51.11674118041992},"rotation":{"x":-0.0018104768823832274,"y":-0.0009016082040034235,"z":0.00006780323019484058,"w":-1.0000247955322266},"size":17.441173553466798,"orthographic":false}