{"cameraMode":{"drawMode":0,"name":"Shaded","section":"Shading Mode"},"sceneLighting":true,"audioPlay":false,"sceneViewState":{"showFog":true,"showMaterialUpdate":false,"showSkybox":true,"showFlares":true,"showImageEffects":true,"showParticleSystems":true},"in2DMode":false,"pivot":{"x":7.257094383239746,"y":-11.570930480957032,"z":33.30723571777344},"rotation":{"x":-0.39774101972579958,"y":0.05417196452617645,"z":-0.02353309467434883,"w":-0.9156004786491394},"size":64.66683197021485,"orthographic":false}