{"cameraMode":{"drawMode":0,"name":"Shaded","section":"Shading Mode"},"sceneLighting":true,"audioPlay":false,"sceneViewState":{"showFog":true,"showMaterialUpdate":false,"showSkybox":true,"showFlares":true,"showImageEffects":true,"showParticleSystems":true},"in2DMode":false,"pivot":{"x":2.0018320083618166,"y":-13.277494430541993,"z":22.060997009277345},"rotation":{"x":-0.332071989774704,"y":0.1077921986579895,"z":-0.038164425641298297,"w":-0.9363185167312622},"size":67.28450012207031,"orthographic":false}